-- phpMyAdmin SQL Dump
-- version 5.2.1
-- https://www.phpmyadmin.net/
--
-- Host: localhost:3306
-- Generation Time: Dec 13, 2024 at 04:57 PM
-- Server version: 8.0.30
-- PHP Version: 8.3.13

SET SQL_MODE = "NO_AUTO_VALUE_ON_ZERO";
START TRANSACTION;
SET time_zone = "+00:00";


/*!40101 SET @OLD_CHARACTER_SET_CLIENT=@@CHARACTER_SET_CLIENT */;
/*!40101 SET @OLD_CHARACTER_SET_RESULTS=@@CHARACTER_SET_RESULTS */;
/*!40101 SET @OLD_COLLATION_CONNECTION=@@COLLATION_CONNECTION */;
/*!40101 SET NAMES utf8mb4 */;

--
-- Database: `db_sportasion`
--

-- --------------------------------------------------------

--
-- Table structure for table `categories`
--

CREATE TABLE `categories` (
  `id` bigint UNSIGNED NOT NULL,
  `name` varchar(100) CHARACTER SET utf8mb4 COLLATE utf8mb4_unicode_ci NOT NULL,
  `created_at` timestamp NULL DEFAULT NULL,
  `updated_at` timestamp NULL DEFAULT NULL
) ENGINE=InnoDB DEFAULT CHARSET=utf8mb4 COLLATE=utf8mb4_unicode_ci;

--
-- Dumping data for table `categories`
--

INSERT INTO `categories` (`id`, `name`, `created_at`, `updated_at`) VALUES
(3, 'Kategori 1', '2024-12-11 05:01:32', '2024-12-11 05:02:06'),
(4, 'Kategori 2', '2024-12-11 05:01:45', '2024-12-11 05:01:59'),
(5, 'Kategori 3', '2024-12-11 05:02:15', NULL);

-- --------------------------------------------------------

--
-- Table structure for table `migrations`
--

CREATE TABLE `migrations` (
  `id` int UNSIGNED NOT NULL,
  `migration` varchar(255) CHARACTER SET utf8mb4 COLLATE utf8mb4_unicode_ci NOT NULL,
  `batch` int NOT NULL
) ENGINE=InnoDB DEFAULT CHARSET=utf8mb4 COLLATE=utf8mb4_unicode_ci;

--
-- Dumping data for table `migrations`
--

INSERT INTO `migrations` (`id`, `migration`, `batch`) VALUES
(1, '0001_01_01_000000_create_table', 1),
(3, '2024_12_13_104805_update_order_table', 2);

-- --------------------------------------------------------

--
-- Table structure for table `orders`
--

CREATE TABLE `orders` (
  `id` bigint UNSIGNED NOT NULL,
  `id_user` bigint UNSIGNED NOT NULL,
  `id_product` bigint UNSIGNED NOT NULL,
  `quantity` int NOT NULL,
  `order_date` datetime NOT NULL,
  `status` int NOT NULL,
  `total_price` decimal(10,2) NOT NULL,
  `catatan` text CHARACTER SET utf8mb4 COLLATE utf8mb4_unicode_ci,
  `created_at` timestamp NULL DEFAULT NULL,
  `updated_at` timestamp NULL DEFAULT NULL
) ENGINE=InnoDB DEFAULT CHARSET=utf8mb4 COLLATE=utf8mb4_unicode_ci;

--
-- Dumping data for table `orders`
--

INSERT INTO `orders` (`id`, `id_user`, `id_product`, `quantity`, `order_date`, `status`, `total_price`, `catatan`, `created_at`, `updated_at`) VALUES
(17, 3, 6, 3, '2024-12-13 20:08:43', 3, 3000000.00, 'ditolak 1', '2024-12-13 12:08:43', NULL),
(20, 3, 6, 4, '2024-12-13 21:08:00', 0, 4000000.00, '', '2024-12-13 12:08:00', NULL),
(21, 3, 7, 4, '2024-12-13 21:10:06', 0, 4000000.00, '', '2024-12-13 12:10:06', NULL);

-- --------------------------------------------------------

--
-- Table structure for table `products`
--

CREATE TABLE `products` (
  `id` bigint UNSIGNED NOT NULL,
  `id_category` bigint UNSIGNED NOT NULL,
  `name` varchar(100) CHARACTER SET utf8mb4 COLLATE utf8mb4_unicode_ci NOT NULL,
  `description` text CHARACTER SET utf8mb4 COLLATE utf8mb4_unicode_ci,
  `price` decimal(10,2) NOT NULL,
  `stock` int NOT NULL,
  `image` varchar(255) CHARACTER SET utf8mb4 COLLATE utf8mb4_unicode_ci DEFAULT NULL,
  `created_at` timestamp NULL DEFAULT NULL,
  `updated_at` timestamp NULL DEFAULT NULL
) ENGINE=InnoDB DEFAULT CHARSET=utf8mb4 COLLATE=utf8mb4_unicode_ci;

--
-- Dumping data for table `products`
--

INSERT INTO `products` (`id`, `id_category`, `name`, `description`, `price`, `stock`, `image`, `created_at`, `updated_at`) VALUES
(6, 3, 'Sepatu Nike', NULL, 1000000.00, 44, '/storage/uploads/product/4cPKtAkxqD-2024-12-11.jpg', '2024-12-11 11:29:03', '2024-12-13 11:21:46'),
(7, 4, 'Sepatu Nike 1', NULL, 1000000.00, 25, '/storage/uploads/product/f4qEbjrUAp-2024-12-11.jpg', '2024-12-11 11:29:04', '2024-12-11 09:29:27'),
(8, 3, 'Yoshi Lindsey', NULL, 12222.00, 121, NULL, '2024-12-13 13:22:05', NULL);

-- --------------------------------------------------------

--
-- Table structure for table `sessions`
--

CREATE TABLE `sessions` (
  `id` varchar(255) CHARACTER SET utf8mb4 COLLATE utf8mb4_unicode_ci NOT NULL,
  `user_id` bigint UNSIGNED DEFAULT NULL,
  `ip_address` varchar(45) CHARACTER SET utf8mb4 COLLATE utf8mb4_unicode_ci DEFAULT NULL,
  `user_agent` text CHARACTER SET utf8mb4 COLLATE utf8mb4_unicode_ci,
  `payload` longtext CHARACTER SET utf8mb4 COLLATE utf8mb4_unicode_ci NOT NULL,
  `last_activity` int NOT NULL
) ENGINE=InnoDB DEFAULT CHARSET=utf8mb4 COLLATE=utf8mb4_unicode_ci;

--
-- Dumping data for table `sessions`
--

INSERT INTO `sessions` (`id`, `user_id`, `ip_address`, `user_agent`, `payload`, `last_activity`) VALUES
('4rLh1yeNh17e7OUMJ27l0pJMaNTEXCASIIy9dHic', NULL, '127.0.0.1', 'Mozilla/5.0 (Windows NT 10.0; Win64; x64) AppleWebKit/537.36 (KHTML, like Gecko) Chrome/131.0.0.0 Safari/537.36', 'YTo0OntzOjY6Il90b2tlbiI7czo0MDoiV0thbktyVVRId2MxZmpwUEM5YUhVZVlmcGZZRUF3RXpGaEVmMnhZSCI7czozOiJ1cmwiO2E6MTp7czo4OiJpbnRlbmRlZCI7czoyNjoiaHR0cDovLzEyNy4wLjAuMTo4MDAwL0hvbWUiO31zOjk6Il9wcmV2aW91cyI7YToxOntzOjM6InVybCI7czoyNjoiaHR0cDovLzEyNy4wLjAuMTo4MDAwL0hvbWUiO31zOjY6Il9mbGFzaCI7YToyOntzOjM6Im9sZCI7YTowOnt9czozOiJuZXciO2E6MDp7fX19', 1734097047),
('gk4j6dQdIFEUaajb56pIGE6GZUD6eyDFNsNnpbDB', NULL, '127.0.0.1', 'Mozilla/5.0 (Windows NT 10.0; Win64; x64) AppleWebKit/537.36 (KHTML, like Gecko) Chrome/131.0.0.0 Safari/537.36', 'YTo0OntzOjY6Il90b2tlbiI7czo0MDoiejdtNjVKckw3R1JWWW05d1ZVQk9JZExwN29NNUZ6UlRENlppVUl6ZyI7czozOiJ1cmwiO2E6MTp7czo4OiJpbnRlbmRlZCI7czoyNjoiaHR0cDovLzEyNy4wLjAuMTo4MDAwL0hvbWUiO31zOjk6Il9wcmV2aW91cyI7YToxOntzOjM6InVybCI7czoyNjoiaHR0cDovLzEyNy4wLjAuMTo4MDAwL0hvbWUiO31zOjY6Il9mbGFzaCI7YToyOntzOjM6Im9sZCI7YTowOnt9czozOiJuZXciO2E6MDp7fX19', 1734097050),
('HInI2SLUAyifdYc6I5SawMiAvcbQWzBI0tLE7t2g', 1, '127.0.0.1', 'Mozilla/5.0 (Windows NT 10.0; Win64; x64) AppleWebKit/537.36 (KHTML, like Gecko) Chrome/131.0.0.0 Safari/537.36', 'YTo0OntzOjY6Il90b2tlbiI7czo0MDoiNDVReVI2b2c2TUxub21idTZzcFRPMEpFVHVDUnhockNxVkxUcjVoQyI7czo2OiJfZmxhc2giO2E6Mjp7czozOiJuZXciO2E6MDp7fXM6Mzoib2xkIjthOjA6e319czo1MDoibG9naW5fd2ViXzU5YmEzNmFkZGMyYjJmOTQwMTU4MGYwMTRjN2Y1OGVhNGUzMDk4OWQiO2k6MTtzOjk6Il9wcmV2aW91cyI7YToxOntzOjM6InVybCI7czozMzoiaHR0cDovLzEyNy4wLjAuMTo4MDAwL1RyYW5zYWN0aW9uIjt9fQ==', 1734109001),
('sOnHleFoRebj4egmxxQqxOIWACx7v8KchHPIXRtn', 3, '127.0.0.1', 'Mozilla/5.0 (Windows NT 10.0; Win64; x64) AppleWebKit/537.36 (KHTML, like Gecko) Chrome/131.0.0.0 Safari/537.36', 'YTo1OntzOjY6Il90b2tlbiI7czo0MDoiQklaVmhNczhheGF2clJwUTNocEVkYnl3RWJvaW8ydkE5Z28yb1JoZSI7czozOiJ1cmwiO2E6MTp7czo4OiJpbnRlbmRlZCI7czoyNjoiaHR0cDovLzEyNy4wLjAuMTo4MDAwL0hvbWUiO31zOjk6Il9wcmV2aW91cyI7YToxOntzOjM6InVybCI7czoyNjoiaHR0cDovLzEyNy4wLjAuMTo4MDAwL0hvbWUiO31zOjY6Il9mbGFzaCI7YToyOntzOjM6Im9sZCI7YTowOnt9czozOiJuZXciO2E6MDp7fX1zOjUwOiJsb2dpbl93ZWJfNTliYTM2YWRkYzJiMmY5NDAxNTgwZjAxNGM3ZjU4ZWE0ZTMwOTg5ZCI7aTozO30=', 1734107505);

-- --------------------------------------------------------

--
-- Table structure for table `transactions`
--

CREATE TABLE `transactions` (
  `id` bigint UNSIGNED NOT NULL,
  `id_order` bigint UNSIGNED NOT NULL,
  `payment_method` enum('bank_transfer','e-wallet') CHARACTER SET utf8mb4 COLLATE utf8mb4_unicode_ci NOT NULL,
  `amount` decimal(10,2) NOT NULL,
  `bukti_tf` varchar(255) CHARACTER SET utf8mb4 COLLATE utf8mb4_unicode_ci NOT NULL,
  `status` int NOT NULL,
  `payment_date` datetime DEFAULT NULL,
  `catatan` text CHARACTER SET utf8mb4 COLLATE utf8mb4_unicode_ci,
  `created_at` timestamp NULL DEFAULT NULL,
  `updated_at` timestamp NULL DEFAULT NULL
) ENGINE=InnoDB DEFAULT CHARSET=utf8mb4 COLLATE=utf8mb4_unicode_ci;

--
-- Dumping data for table `transactions`
--

INSERT INTO `transactions` (`id`, `id_order`, `payment_method`, `amount`, `bukti_tf`, `status`, `payment_date`, `catatan`, `created_at`, `updated_at`) VALUES
(2, 17, 'bank_transfer', 3000000.00, '/storage/uploads/bukti_tf/EzC7LElXtF-2024-12-13.jpeg', 1, '2024-12-13 20:31:00', 'Ini bukti Macam apa', '2024-12-13 12:31:00', NULL),
(3, 20, 'bank_transfer', 4000000.00, '/storage/uploads/bukti_tf/TVmFH57X47-2024-12-13.jpg', 0, '2024-12-13 23:16:46', '', '2024-12-13 14:16:46', NULL);

-- --------------------------------------------------------

--
-- Table structure for table `users`
--

CREATE TABLE `users` (
  `id` bigint UNSIGNED NOT NULL,
  `name` varchar(255) CHARACTER SET utf8mb4 COLLATE utf8mb4_unicode_ci NOT NULL,
  `username` varchar(255) CHARACTER SET utf8mb4 COLLATE utf8mb4_unicode_ci NOT NULL,
  `password` varchar(255) CHARACTER SET utf8mb4 COLLATE utf8mb4_unicode_ci NOT NULL,
  `phone` varchar(255) CHARACTER SET utf8mb4 COLLATE utf8mb4_unicode_ci NOT NULL,
  `address` varchar(255) CHARACTER SET utf8mb4 COLLATE utf8mb4_unicode_ci DEFAULT NULL,
  `role` tinyint NOT NULL,
  `created_at` timestamp NULL DEFAULT NULL,
  `updated_at` timestamp NULL DEFAULT NULL
) ENGINE=InnoDB DEFAULT CHARSET=utf8mb4 COLLATE=utf8mb4_unicode_ci;

--
-- Dumping data for table `users`
--

INSERT INTO `users` (`id`, `name`, `username`, `password`, `phone`, `address`, `role`, `created_at`, `updated_at`) VALUES
(1, 'admin', 'admin', '$2y$12$ivZ9YkwRvHA2NIF2140uIulnivOqV234qUi.fi.5nurdwYxEQGIxa', '2483734283723', 'shjdipsjdsj', 1, NULL, NULL),
(2, 'owner', 'owner', '$2y$10$SLVNnA2lljO8IRzjnI6l3e3oPG8jeFdrHX0ISjN9iK69IGcFVQ0c6', '7342803732', 'dsdsdshdiuj', 2, NULL, NULL),
(3, 'Costumer1', 'costumer1', '$2y$12$PTs9KnQqXfv89adWZTM.D.ZXHvuLgM70KtR3L.cYNvX7b4IOoUUky', '454534334545', 'Laboriosam veniam', 3, '2024-12-10 08:31:31', '2024-12-09 23:31:31'),
(4, 'Costumer 2', 'costumer2', '$2y$10$hpHihWa8xg8mBpC05RBsnupskdtT4bPwH2tJ0FATWwgGsWQJXsC4y', '43534545345435', 'Atque qui labore ear', 3, '2024-12-10 08:33:57', NULL);

--
-- Indexes for dumped tables
--

--
-- Indexes for table `categories`
--
ALTER TABLE `categories`
  ADD PRIMARY KEY (`id`);

--
-- Indexes for table `migrations`
--
ALTER TABLE `migrations`
  ADD PRIMARY KEY (`id`);

--
-- Indexes for table `orders`
--
ALTER TABLE `orders`
  ADD PRIMARY KEY (`id`),
  ADD KEY `orders_id_user_foreign` (`id_user`),
  ADD KEY `orders_id_product_foreign` (`id_product`);

--
-- Indexes for table `products`
--
ALTER TABLE `products`
  ADD PRIMARY KEY (`id`),
  ADD KEY `products_id_category_foreign` (`id_category`);

--
-- Indexes for table `sessions`
--
ALTER TABLE `sessions`
  ADD PRIMARY KEY (`id`),
  ADD KEY `sessions_user_id_index` (`user_id`),
  ADD KEY `sessions_last_activity_index` (`last_activity`);

--
-- Indexes for table `transactions`
--
ALTER TABLE `transactions`
  ADD PRIMARY KEY (`id`),
  ADD KEY `transactions_id_order_foreign` (`id_order`);

--
-- Indexes for table `users`
--
ALTER TABLE `users`
  ADD PRIMARY KEY (`id`),
  ADD UNIQUE KEY `users_username_unique` (`username`);

--
-- AUTO_INCREMENT for dumped tables
--

--
-- AUTO_INCREMENT for table `categories`
--
ALTER TABLE `categories`
  MODIFY `id` bigint UNSIGNED NOT NULL AUTO_INCREMENT, AUTO_INCREMENT=6;

--
-- AUTO_INCREMENT for table `migrations`
--
ALTER TABLE `migrations`
  MODIFY `id` int UNSIGNED NOT NULL AUTO_INCREMENT, AUTO_INCREMENT=4;

--
-- AUTO_INCREMENT for table `orders`
--
ALTER TABLE `orders`
  MODIFY `id` bigint UNSIGNED NOT NULL AUTO_INCREMENT, AUTO_INCREMENT=22;

--
-- AUTO_INCREMENT for table `products`
--
ALTER TABLE `products`
  MODIFY `id` bigint UNSIGNED NOT NULL AUTO_INCREMENT, AUTO_INCREMENT=9;

--
-- AUTO_INCREMENT for table `transactions`
--
ALTER TABLE `transactions`
  MODIFY `id` bigint UNSIGNED NOT NULL AUTO_INCREMENT, AUTO_INCREMENT=4;

--
-- AUTO_INCREMENT for table `users`
--
ALTER TABLE `users`
  MODIFY `id` bigint UNSIGNED NOT NULL AUTO_INCREMENT, AUTO_INCREMENT=5;

--
-- Constraints for dumped tables
--

--
-- Constraints for table `orders`
--
ALTER TABLE `orders`
  ADD CONSTRAINT `orders_id_user_foreign` FOREIGN KEY (`id_user`) REFERENCES `users` (`id`) ON DELETE CASCADE;

--
-- Constraints for table `products`
--
ALTER TABLE `products`
  ADD CONSTRAINT `products_id_category_foreign` FOREIGN KEY (`id_category`) REFERENCES `categories` (`id`) ON DELETE CASCADE;

--
-- Constraints for table `transactions`
--
ALTER TABLE `transactions`
  ADD CONSTRAINT `transactions_id_order_foreign` FOREIGN KEY (`id_order`) REFERENCES `orders` (`id`) ON DELETE CASCADE;
COMMIT;

/*!40101 SET CHARACTER_SET_CLIENT=@OLD_CHARACTER_SET_CLIENT */;
/*!40101 SET CHARACTER_SET_RESULTS=@OLD_CHARACTER_SET_RESULTS */;
/*!40101 SET COLLATION_CONNECTION=@OLD_COLLATION_CONNECTION */;
